{
  "RandomForest": {
    "test_r2": 0.9471972717991429,
    "rmse": 21.144555034898232,
    "mae": 14.490897526455049
  },
  "GradientBoosting": {
    "test_r2": 0.9688400779768702,
    "rmse": 16.243086247213412,
    "mae": 11.494257944886368
  }
}