{
  "RandomForest": {
    "test_r2": 0.9532482347030504,
    "rmse": 19.526139938312372,
    "mae": 14.920221666666635
  },
  "GradientBoosting": {
    "test_r2": 0.9529390255231635,
    "rmse": 19.5906050072565,
    "mae": 15.734851511463376
  }
}